question,optimal_trajectory_id,joules_spent,is_correct
Which magazine was started first Arthur's Magazine or First for Women?,0,1121.5553773549193,True
The Oberoi family is part of a hotel company that has a head office in what city?,2,1083.0003959597823,True
"Musician and satirist Allie Goertz wrote a song about the ""The Simpsons"" character Milhouse, who Matt Groening named after who?",4,2449.5338506525222,True
 What nationality was James Henry Miller's wife?,3,2299.3483011735298,True
"Cadmium Chloride is slightly soluble in this chemical, it is also called what?",3,1792.1210275358462,True
"Which tennis player won more Grand Slam titles, Henri Leconte or Jonathan Stark?",2,829.0558340619974,True
Which genus of moth in the world's seventh-largest country contains only one species?,8,11005.698593958645,False
"Who was once considered the best kick boxer in the world, however he has been involved in a number of controversies relating to his ""unsportsmanlike conducts"" in the sport and crimes of violence outside of the ring.",6,5763.102344572104,True
"The Dutch-Belgian television series that ""House of Anubis"" was based on first aired in what year?",2,718.5704731988155,True
What is the length of the track where the 2013 Liqui Moly Bathurst 12 Hour was staged?,3,3714.7051598066746,True
"Fast Cars, Danger, Fire and Knives includes guest appearances from which hip hop record executive?",8,12624.839518675159,False
"Gunmen from Laredo starred which narrator of ""Frontier""?",8,7454.449229358783,False
Where did the form of music played by Die Rhöner Säuwäntzt originate?,3,3239.725653621951,True
In which American football game was Malcolm Smith named Most Valuable player?,1,1111.0208098854275,True
"What U.S Highway gives access to Zilpo Road, and is also known as Midland Trail?",3,1654.2156176006627,True
"The 1988 American comedy film, The Great Outdoors, starred a four-time Academy Award nominee, who received a star on the Hollywood Walk of Fame in what year?",8,7493.692310340717,False
What are the names of the current members of  American heavy metal band who wrote the music for  Hurt Locker The Musical? ,8,7080.688242611428,False
"Human Error"" is the season finale of the third season of a tv show that aired on what network?",3,2528.426183411703,True
"Dua Lipa, an English singer, songwriter and model, the album spawned the number-one single ""New Rules"" is a song by English singer Dua Lipa from her eponymous debut studio album, released in what year?",1,492.651068355683,True
"American politician Joe Heck ran unsuccessfully against Democrat Catherine Cortez Masto, a woman who previously served as the 32nd Attorney General of where?",0,261.10364167572016,True
"Which state does the drug stores, of which the CEO is Warren Bryant, are located?",8,5799.36888161297,True
Which  American politician did Donahue replaced ,3,2807.026600864451,True
"Which band was founded first, Hole, the rock band that Courtney Love was a frontwoman of, or The Wolfhounds?",1,356.15929392794715,True
How old is the female main protagonist of Catching Fire?,5,2505.444775003629,True
Chang Ucchin was born in korea during a time that ended with the conclusion of what? ,8,7129.683314704401,False
Who is the director of the 2003 film which has scenes in it filmed at the Quality Cafe in Los Angeles?,8,6488.840113974612,False
"New Faces of 1952 is a musical revue with songs and comedy skits, it helped jump start the career of which young performer, and American actress?",3,1219.0033798625752,True
Were Pavel Urysohn and Leonid Levin known for the same type of work?,0,287.22048222364845,True
Are both The New Pornographers and Kings of Leon American rock bands?,1,333.0855885964604,True
"750 7th Avenue and 101 Park Avenue, are located in which city?",0,477.558073686943,True
"Which actress played the part of fictitious character Kimberly Ann Hart, in the franchise built around a live action superhero television series taking much of its footage from the Japanese tokusatsu 'Super Sentai'?",3,1575.1236100076326,True
"Who was born first, Pablo Trapero or Aleksander Ford?",1,1311.1784079727474,True
Are Jane and First for Women both women's magazines?,1,286.8632321589902,True
What profession does Nicholas Ray and Elia Kazan have in common?,1,273.6217610723565,True
Where is the company that purchased Aixam based in?,5,3319.8066743388736,True
"Which documentary is about Finnish rock groups, Adam Clayton Powell or The Saimaa Gesture?",1,828.7026166236863,True
"Who was inducted into the Rock and Roll Hall of Fame, David Lee Roth or Cia Berg?",0,246.83545269102092,True
Zimbabwe's Guwe Secondary School has a sister school in what New York cunty?,3,1650.2137966673345,True
"The Royal Commission into Drug Trafficking (1977–1979) or Woodward Royal Commission was a royal commission initiated by the New South Wales Government to investigate drug trafficking in New South Wales, Australia, especially links between the New South Wales Police and Mafia, The Honoured Society, is a Calabrian 'Ndrangheta criminal confederation, started in Melbourne and currently active in all of which country?  ",1,349.7076093050148,True
"The 337th Flight Test Squadron (337 FLTS) was most recently part of the 46th Test Wing and based at McClellan Air Force Base, a former United States Air Force base located in the North Highlands area of Sacramento County, in which US state?",0,300.0966602982008,True
The axial turbojet Pirna 014 was designed by engineers from this German aircraft and aircraft engine manufacturer based in which city?,8,10482.363157536929,False
"Which faith is designated to the University of Providence, private university accredited by the NW association of Schools and Colleges and located in a third largest city in Montana after being passed by Missoula? ",2,724.9789861974783,True
Pauline Henry was known as the vocalist of a very popular cover song. Which album was this song from?,7,4860.928315245571,True
Guitars for Wounded Warriors is an album that was recorded in the village in which New York county?,5,4286.322718940443,True
"What American country music singer-songwriter, born in May of 1942, sang a duet with her ex-husband the same year that he released the song ""The Battle?""",3,2167.1398110323876,True
"Who was born first, Francis Nethersole or Elizabeth Stuart?",4,3253.2676782403996,True
What does the Hacker-Pschorr Brewery have to limit in order to comply with German regulations?,4,1619.3498153829075,True
"Don Barry Mason was the founder of the Psychedelic Shamanistic Institute (PSI), which other member that's Welsh, that died on 10 April 2016?",8,10304.740879942565,False
What male actor starred in The Messenger?,8,8793.175817576961,False
Are Gin and tonic and Paloma both cocktails based on tequila?,0,236.4873161218508,True
Who is older Glenn Hughes or Ross Lynch?,0,247.25901936598092,True
"In what year was the creator of the current arrangement of the ""Simpson's Theme"" born?",8,7256.292929441762,False
The Southern Railway runs from Vienna to Graz and the border with Slovenia at Spielfeld via the first mountain railway built in Europe to use what kind of track?,4,2205.9876057524666,True
In what show did Cynthia Nixon receive the 2004 Primetime Emmy Award for Outstanding Supporting Actress in a Comedy Series and a Screen Actors Guild Award for her performance?,1,377.84303589636016,True
"Lee Jun-fan played what character in ""The Green Hornet"" television series?",1,291.86546419605315,True
"The 1895/96 Football League season was the eighth in Football League history with Everton, their Goodison Park home, is a football stadium located in Walton, Liverpool, in which country?",1,274.4203434439899,True
"A Head Full of Dreams Tour is the seventh tour by Coldplay, and which had it's first show at a stadium that is known as Estadio Unico and is owned by who?",5,4017.505482886488,True
"Roger Avary (born August 23, 1965) is a Canadian film and television producer, screenwriter and director in the American mass media industry, he wrote the screenplay for Beowulf, a 2007 British-American 3D motion capture epic fantasy film, directed by who?",0,389.0907463931727,True
"The American Pre-Code comedy film featuring an American actress, dancer, and singer, widely known for performing in films and RKO's musical films, was released in what year?",4,2768.4377006717796,True
"An edited version of ""Just the Two of Us"" reached number two on the ""Billboard"" Hot 100 behind a song written and composed by Donna Weiss and Jackie DeShannon which spend how many weeks at No. 1 on the ""Billboard"" hot 100?",8,14233.218784066972,False
"Which band has more members, Saint Motel or Curve?",2,543.0764576117458,True
"""Funnybot"" is the second episode of the fifteenth season of which American animated television series, created by Trey Parker and Matt Stone?  ",1,296.9377901126418,True
"Which private research university is located in Chestnut Hill, Massachusetts Boston College or Stanford University? ",0,252.13158469832118,True
"What American stage, film, and television actor  who also appeared in a large number of musicals, played Samson in the 1949 film ""Samson and Delilah"".",1,372.96495104718156,True
Iqaluit Airport and Canadian North are based out of what country?,0,296.3096520254186,True
In what political party was the man who officially opened he Royal Spa Centre in 1972?,5,2595.4805176695995,True
Which Oscar-nominated film was written by the screenwriter who wrote a 1991 romantic drama based upon a screenplay by Sooni Taraporevala?,2,912.1823733475683,True
Are both Tim McIlrath and Spike Slawson American punk rock musicians?,1,325.1121885242171,True
"The Golden Globe Award winner for best actor from ""Roseanne"" starred along what actress in Gigantic?",8,6548.427224754564,True
"The expert mentor to the celebrities that perform on ""Splash!"" won the 2009 FINA World Championionship in the individual event at what age? ",8,13353.604112563658,True
"Still Da Baddest is the fourth studio album by American rapper Trina, following the poor chart performance, ""I Got a Thang for You"" featuring which American singer/songwriter, record producer, business woman, and television personality, and was born in Oakland, California?",2,783.8233386406537,True
What profession does Am Rong and Alexandre Rockwell have in common?,2,530.0327218707969,True
El Nuevo Cojo and Golf Magazine are both special interest publications but which one is owned by Time Inc?,1,362.9774951729391,True
Who funds the bowling team that includes the school bus driver for Springfield Elementary School?,8,7711.938194250232,False
What city are George Washington University Hospital and MedStar Washington Hospital Center located in?,0,354.8387811585774,True
what is the connection between Peter O'Meara and Norman Dike?,8,9868.281185053675,False
"What author has contributed to such works as ""New Statesmen"", ""The Nation"", and ""The Atlantic"", among others, while also being being associated with Dysteleology?",8,9936.469029658621,False
Who developed the prototype pacemaker used by the 34th President of the USA?,8,10431.129863325348,False
Which publishing company has published Bizarre and a sister publication devoted to the anomalous phenomena popularised by Charles Fort?,2,673.3098686941626,True
"Who performed the lead single on the album Friends in Low Places, No Fences, that reached #1 on Billboard?",1,345.07802081189897,True
Hate to Feel is the tenth track on what Alice in Chains' album that peaked as number six on the Billboard 200?,2,530.1779412501717,True
"The lead singer and guitarist in the Portland, Oregon rock band consisting of John Gourley, Zach Carothers, Kyle O'Quin, Jason Sechrist and Eric Howk, goes by what alias?",2,542.1051157353967,True
What year was the winner of the 2016 Marrakesh ePrix born?,5,2811.6272048098244,True
"South Korean actor Kim Yool-ho starred in what 2016 movie directed by Yeon Sang-ho Yeon Sang-ho and starring actors Gong Yoo, Jung Yu-mi, and Ma Dong-seok?",1,389.95378435051475,True
According to the 2006 census what is the population of the city in which James Iroha Uchechukwu was born ?,5,5434.692798207857,True
What actor in the film D.C. Cab also had a role in the TV series Barney Miller?,3,1774.1274780202784,True
Which industry do Richard Hawley and Chicago's Catherine belong to? ,8,6392.787179046389,False
Are Pam Veasey and Jon Jost both American?,1,280.3199654946382,True
Maurice Hines and his brother were famous for what?,8,6683.23057509426,False
Are the New Orleans Outfall Canals the same length as the Augusta Canal?,8,8094.38308659426,False
In which stadium do the teams owned by Myra Kraft's husband play?,0,445.3787827871071,True
What southern California based band covered Blue Öyster Cult's Godzilla?,2,893.5955174912779,True
"The Swedish-British entertainment studio executive and film executive producer, who was the Executive producer for a 2016 American action thriller film directed by Babak Najafi, currently serve?",8,13187.111116558679,False
"an Emmy Award winner and two-time Tony Award winner, was on the episode 15 of the third season of ""Chuck"". what is her name ?",3,1463.6339310554145,True
"What is the current name of the Atlanta Mansion built for the daughter of the 41st Mayor of Atlanta, Georgia?",7,9063.337176835501,True
Who invented the type of script used in autographs?,8,8207.275826441673,False
Approximately what percentage of the global population is made up of the ethnic group Princess Fragrant was produced to improve relations with?,6,2309.3461056793863,True
The Boren-McCurdy proposals were partially brought about by which Oklahoma politician in 1992?,2,687.450099036369,True
The Thoen Stone is on display at a museum in what county?,3,1764.636298795238,True
"Is Children's National Medical Center or MedStar Washington Hospital Center the largest private hospital in Washington, D.C.?",1,368.2573499169099,True
"Prince William, Duke of Gloucester and Prince George of Denmark, were eventually monarchs of which Kingdom?",7,5331.605751324647,True
"The airline operating in Whitehorse, Yukon handled how many passengers in 2012?",2,618.1383167114861,True
"What State has a Disney Resort & Spa that is a beachside hotel, resort and vacation destination offering complimentary children's activities and programs and that Djuan Rivers was a General Manager at?",1,326.9139765665755,True
Are Wenling and Xinzheng both in China?,1,393.0688100908184,True
What is the birth date of the coach of the 2014-15 Michigan Wolverines men's basketball team?,5,2825.1915471958882,True
"Which organization presents the award in which Chris Noonan was nominated for his work in ""Babe?""",1,419.04933455509587,True
Where is the base of one of the three main British intelligence agencies?,7,8871.060526621906,True
"When a Man Falls in Love, is a 2013 South Korean television series, starring Song Seung-heon, Shin Se-kyung, Chae Jung-an, and which South Korean actor, born on ? ",5,3547.7048409541367,True
What retailer is the second-largest in the United States and has a commercial featuring the American artist who was 1st runner-up in the 2005 USA Weekend Magazine's songwriting competition?,8,9511.293230437104,False
"Which English actor of stage, film and television from the 1978 BBC drama ""Pennies From Heaven"" appeared in the 2006 BBC Four television play ""Kenneth Williams: Fantabulosa!?""",6,4149.928530107344,True
Who hosted both Miss USA 1968 and The Price Is Right?,1,880.2478657686602,True
What video game published by Sierra Entertainment includes an antagonist figure who's mystery is the core of the series? ,6,3497.204613389359,True
Close to the Enemy starred the English actor known as Ash Morgan in what BBC series?,3,1638.5059513168094,True
The Bass Rock Lighthouse was next to what Castle?,1,1907.9136875606787,True
"Gülhane Park and Zografeion Lyceum, are located in which country?",0,252.27047037769913,True
"What is the name of the movie in which Edwin Brown plays a man that executed at least 400 people, including William Joyce and John Amery?",5,2640.6630773329894,True
What genre of music is the solo artist that contributed to Real Damage a variant of?,8,8889.800497784383,False
Jake David Shapiro was best know for being the screenwriter of a film directed by who?,8,6303.795397862699,False
"What book contains a poem which, along with ""Beowulf"" and the ""Anglo-Saxon Chronicle"", preserves a legendary list of the kings of the Angles?",8,11538.098340772207,True
Norbert Holm was arrested and later demoted because of his Chief of Operations association with a military theorist popularly known as what?,8,9444.516667234826,False
What state does Sang-Wook Cheong work as a materials scientist?,3,4122.703993175415,True
What type of vegetation does Kniphofia and Baptisia have in common?,8,7140.137335986928,False
"Californian rock band Lit recorded A Place in the Sun in 1995, but what's their best known song?",2,517.2732533868731,True
"Gary Harrison, began his career in the 1970s and has written over how many major-label recorded songs including several number-one hits, another artist who have recorded his work include Bryan White, an American country music artist?",7,9068.436580523738,True
The 1976 German Grand Prix was won by a driver who retired in what year?,8,7625.722915707499,False
What event at the Asian Junior Athletics Championships has men and women competing at the same time?,8,9596.046974984216,False
Which 1999 French Open - Women's Doubles runner-up was born in Russia on 7 June 1981?,8,10374.471799999354,True
What is the length of the River which has Wild Horse Creek as a tributary ?,8,6926.264082720355,False
Are Manhattan West and Singer Building both projects in New York?,4,1590.516717251611,True
Who is the American internet entrepreneur who founded the company featured on 24 Hours on Craigslist?,2,706.2205485151608,True
"Between two tennis players Kim Clijsters and Mary Pierce, who is older?",0,248.1246401177497,True
Which American college that has sent students to Centre for Medieval and Renaissance Studies was founded in 1874?,5,3215.8827115576723,True
"Hot Coffee, Mississippi sometimes shares a zipcode with a nearby city with what population at the 2010 census?",8,10585.343591795101,False
Jo Ann Terry won the 80m hurdles event at what Sao Paulo-based event from 1963?,2,603.915623266042,True
"Pearl Lowe and Alison Goldfrapp, is of which nationality?",2,1059.330760172816,True
Which British company whose majority of its business interests are in Asia was related to the London Based Trading house Matheson & Company?,2,722.6850977318894,True
"What man, also known as mi Sde-Or, created a military self-defense system developed for the Israel Defense Forces?",1,370.33345114326715,True
Do musicians Robert Fleischman and Jimmy Barnes have the same nationality?,1,333.49160779131773,True
"What is the name of this American multinational corporation that provides IT services, headquartered in New Jersey, that acquired Mirabeau?",1,973.4015915007701,True
When was Fannie Lee Chaney's son born?,8,12080.844390585959,False
"The Canada Memorial in Green Park, London, United Kingdom, commemorates members of the Canadian Forces killed during the First and Second World Wars, the memorial was the result of lobbying and fund raising, much of it in Canada, by the former Canadian media tycoon Conrad Moffat Black, his title is what, of this British former newspaper publisher and author?",3,1730.68816453181,True
WNP-3 and WNP-5 were constructed by the agency formed in which year?,8,7020.714679112954,False
"he Central Harbourfront is a waterfront site it is the result of Central and Wan Chai Reclamation, and it sits to the east of the International Finance Centre (IFC), a skyscraper and an integrated commercial development on the waterfront of the Central District, of which territory?",1,297.84731093924324,True
What city does Bundestag and Reichstag building have in common?,0,296.98080762691666,True
"Which musician, Edwyn Collins or Jimmie Ross, played the bass guitar?",3,1373.2334477781037,True
"what is the 3112 acre Pennsylvania state park that took over 11,000 to make due to the wave action of lake Erie called?",8,7354.613050600682,False
 Teri W. Odom is a member of a scientific journal first published in 2007 by who?,8,8625.207696181646,False
What forensic psychiatrist consulted on numbers cases including one for a contract killer associated with the DeCavalcante crime family?,5,2894.103794911206,True
"Which American singer-songwriter known as ""the Caruso of Rock"", recorded on the Monument Records label and had hits such as ""Pretty One,"" and ""Uptown""?",2,542.8926486215951,True
"The central character of ""The Adventures of Brer Rabbit"" was later adapted into which 1946 Walt Disney Company motion picture film?",1,334.26704617304966,True
Abraham Weinberg was a suspect in the killing of which Irish-American hitman?,2,923.7480241651601,True
 Benjamin Halfpenny was a footballer for a club that plays its home matches where?,5,2995.9174093361876,True
"The 2000–01 NBA season was the Jazz's 27th season in the National Basketball Association, and 22nd season in Salt Lake City, Utah, after the retirement of Jeff Hornacek, the Jazz signed free agents John Starks, and who?",2,750.5200858792505,True
What was population of the city where the Dutch retired footballer Foeke Booy born?,8,6006.631199506343,False
In what year was the company that co-developed and distributed the BlackBerry DTEK60 founded?,5,5112.26544609231,True
Who chaired the ceremony in which the film written by Canet and Philippe Lefebvre won the award for Best Film?,5,5256.791672303923,True
"Mookychick is an independent daily online magazine and community with more than 100,000 readers a month and over 5,000 forum members, content includes analysis of current sociopolitical events, social and cultural trends, alternative fashion, movies, books, music and arts and crafts from a feminist perspective, in contrast with feminist publications and communities such as which women's lifestyle magazine that is published six times a year, and is published by Debbie Stoller and Laurie Henzel? ",3,3309.8244546818305,True
Der Mond was composed by the man who was best known for what cantata?,6,2610.8872651603892,True
Mackenzie Davis appeared in the 2013 Canadian romantic comedy film directed by whom?,2,633.8008102584402,True
The Developing Communities Project's first executive director was which former President?,8,10420.194144807238,False
"Jane's Addiction and Weeping Willows, play which genre of music?",5,2230.4169005028657,True
"Throne of Glass is a young adult high fantasy novel series, by which bestselling American fantasy author?",8,6571.7269688163115,False
"The largest ship in the ""Imperator"" class ocean liners had how many gross register tons?",3,1751.8036457303192,True
Axle Whitehead was a part of an American comedy-drama television series that is a remake of the British series with the same name set in what city?,5,5074.74741561946,True
Were both Joseph Roth and Cid Corman authors?,1,312.01853631477445,True
What was the event that Afghanistan competed in for the first time in 2017 officially known as?,6,2390.9999169461207,True
Who was the director of the 2001 American romantic comedy film written by Marc Klein in which Lucy Gordon had a small role?,5,2981.6951017802007,True
What hamlet and census designated place was the location of the only pay-per-view Bunkhouse Stampede?,2,815.2527783847049,True
La Barredora was a gang that declared war on the leader of the cartel based where?,8,12530.538143078335,False
What year did the chairman of the Jenkins Commission die?,5,2749.599029424584,True
"Who was born first, Odysseas Elytis or Cornel West?",0,253.92430128258187,True
" ""Let Me Out"" is a song released as the fifth single from what band's fifth studio album ""Humanz"" which was recorded in London, Paris, New York City, Chicago, and Jamaica ?",8,9231.888877264864,False
Up to how far off can the Deal Timeball be from Coordinated Universal Time?,8,9927.258907421261,False
"Superheaven and Oceansize, are bands of which shared genre?",5,2833.7856988132144,True
What nationality was a  historical drama film directed by?,8,10846.793345347307,False
"Who has more scope of profession, Richard Ford or Robert E. Howard?",0,270.62497283673696,True
The American Aircraft Penetrator was modified from a helicopter produced by what nation's military?,1,319.4811783913794,True
"Canton Road Station was a planned railway station on the Kowloon Southern Link of West Rail Line, that was to run beneath a large shopping mall located where?",8,6796.4710673867185,False
What South Korean sitcom starred a South Korean singer and actress who began her music career at the age of 15?,8,8080.208007328534,False
Ghostbusters is a song written and recorded by Ray Parker Jr. as the theme song for a movie starring a Canadian-American actor who was an original member of the Not Ready for Prime Time Players on what show?,0,390.1129782480862,True
"Gelatine was an airship piloted on September 19, 1905 by a pioneer American aviator and what?",8,8114.054711579398,False
"Which movie was released first, The Hunchback of Notre Dame or Saludos Amigos?",0,250.8526622004181,True
In what country did the repression of citizens by a dictator during the period of 1973 to 1990 occur?,0,251.00115313534567,True
The mother of the vice chair of Hillary Clinton's 2016 campaign for President is the director of what institue?,7,8655.098735182512,True
"Michael Ralph DeVito (born June 10, 1984) is a former American football defensive end, he  the National Football League (NFL), DeVito attended high school at Nauset Regional High School an NEASC accredited high school located in North Eastham, in which state?",0,365.7310660818491,True
"""Apocalypic"" is a song sung by Lizzy Hale from which group? ",3,2066.098589878601,True
Ted Sutton plays Sergeant Cunningham in a2002 film that stars Mel Gibson as what character?,8,8347.509350129605,False
"Who is the former professional tennis player from Italy, Chris Evert or Mara Santangelo?",1,330.3266848059687,True
Who directed a film that included Sarah Manninen?,8,6285.340588688935,False
"The republic with the smallest population of all the members of the Council of Europe is one of few places in Europe where a species of beetle cannot be found, that wew originally described in 1809 by whom?",5,5092.046402774309,True
"At the 2011 census, what was he population of the city where Kerry Saxby-Junna was born?",5,3205.5538633530136,True
"How many German scientists, engineers, and technicians, were recruited in post-Nazi Germany as a result of the clandestine operation where Arthur Rudolph became one of the main developers of the U.S. ?space program",8,7960.355618256018,True
 Marion is approximately 50 mi north of a city that is the third-most populous what in the U.S.?,8,9871.083639195349,False
Jayantabhai Ki Luv Story includes a lead role for the film actress and model who is a native of what city?,8,7621.315088207273,False
"Which is currently more valuable, Temagami-Lorrain Mine or Meadowbank Gold Mine?",3,1504.6097959027131,True
St James Street appears as a segment of Whitecross Street on the 1610 map of the Monmouth by an English historian best known as a mapmaker of what perior?,4,1672.0080951908533,True
The Pineground Bridge formerly carried Depot Road over the Suncook River into a town with a population of what?,5,2652.464936815929,True
"Which city is the American rock band, that released their album on March 19, 2012, from?",8,8406.491455826728,False
The Rossendale Free Press serves the town how far north of Manchester?,8,10204.296041212712,False
Which american president's father was a farmer and he was a former US representative from NY?,5,3734.090201531754,True
The End of the Innocence was a single by which former member of the Eagles?,8,9534.331635831824,False
What suburban county on Long Island and the easternmost county in the U.S. state of New York is the location of a village called Lindenhurst?,1,423.5403250915427,True
Which Lightweight division mixed martial artist founded the American Combat Association?,3,1479.26699124276,True
Which video game producers worked with an English film director to produce a film about sports?,2,893.3690742940873,True
Who won a Nobel Prize in 1943 and is associated with Max Volmer?,8,7527.054461901255,False
Who was born first Neil LaBute or H. Bruce Humberstone?,1,419.13559110701243,True
Were Eatza Pizza and Your Pie founded in the same state?,0,253.34837630509506,True
Who is younger Mary Ramsey or Lee Ranaldo ?,4,2257.734324502183,True
What type of species is a Boreo-arctic Montane species found in the most northerly of the abstract five major circles of latitude as shown on maps of the Earth?,8,7921.993162052383,False
What year was the thesis supervisor of Jocelyn Bell Burnell awarded the Eddington Medal?,8,7445.298881339565,False
"What musical genre was the song that, according to Annet Artani, inspired the Britney Spears song ""Everytime""?",5,2657.556073725481,True
British band The Wanted's third album includes a song with a title about which Barbadian superstar?,1,296.52833712140193,True
"Jonas Hummels is the younger brother of a German professional footballer who plays for the German national team, and who else?",8,8227.712477815707,False
How many test centuries did the grandfather of Fabian Cowdrey make for England ?,3,1615.6357399954964,True
Anti-Semetism in the 21st Century: The Resurgence was hosted by a journalist and writer who is an anchor of what show?,1,339.2232058879005,True
Which of the following is best known for publicly championing a terminal patient's right to die via physician-assisted suicide: Christy Canyon or Jack Kevorkian?,0,373.6561577188845,True
The plaintiff in the civil suit Paul v. Clinton was born in which year ?,3,2220.2618057817513,True
How long was the rule of the dynasty that was active when the Rosetta Stone was inscribed?,8,9129.963107747768,False
Sojourners and KO Magazine share what publication format?,7,5781.061031829382,True
"At which stadium does the team, for which Baltimore's Marching Ravens is the official marching band, play its home games?",0,309.94650735999505,True
"The John Messer Barn is a historic structure within the Great Smoky Mountains National Park in Sevier County, Tennessee, this barn is a different Messer Barn in which valley, in the Great Smoky Mountains of North Carolina, located in the Southeastern United States?",2,757.5134806595099,True
"The NBC-affiliated television station, owned by an American telecommunications company whose founder is Julian Sinclair Smith, called WJAR is more commonly known as what?",2,533.8678362780286,True
What nationality is the actress who played the role of Sam Sloan's wife Trudy in the sitcom The Single Guy ?,3,1866.2436218333391,True
"What shopping mall is the largest in south Texas, Malle del Norte or La Plaza Mall?",0,271.4641159990489,True
"Who is the mother of the prince that had allegations made against him related to the lawsuit ""Two Jane Does v US""?",8,7513.7878787972995,False
In between Memphis International Airport and Southwest Georgia Regional Airport which one is in Tennessee?,0,252.34143128539867,True
"Which airport is closer to Cleaveland, Ohio, Luis Muñoz Marín International Airport or Rickenbacker International Airport?",0,269.01499257660083,True
What profession do Kōbō Abe and Agatha Christie share?,8,7180.851104999063,False
What all female high school is located in a town in Sunyani West District  in the Brong-Ahafo Region of Ghana?,8,11080.08031878823,False
"Jinchang and Liling, are located in which country?",0,237.38429951493922,True
What type of vegetation does Fothergilla and Clerodendrum have in common?,8,8300.664690686246,False
What are the plants in the same genus as the Dendranthema boreale sometimes called?,8,10776.503840301853,True
Who is the composer Howard Ashman worked with on his musical released in 1982? ,1,302.8400416468523,True
What actor portrayed a character in a television series about a fictional race of superhumans appearing in American comic books published by Marvel Comics?,8,8305.216266790983,False
What comic book published the female superhero created by J. H. Williams III?,8,7045.071036073436,False
What country of origin does Nick Kroll and Get Him to the Greek have in common?,6,2400.609833715895,True
"The character portrayed in ""Giuliani Time"" is a real-life informal adviser to the White House in which area?",3,1797.4409856258956,True
Thomas Harris is a novelist who is famous for creating which character?,1,384.5298584454177,True
"Who founded the college attended by Thomas Balston, member of the Whatman paper-making family?",8,7537.9730937661625,False
Joh Bruce Yeh founded a chamber ensemble who won a Grammy in 1985 for their recording of this work based on what Rusian folk tale?,8,13601.095215264226,False
"Which director is American, Mark L. Lester or Ken Loach?",0,369.6857591017578,True
Kerrygold Irish Cream Liqueur is owned by a company that mainly sells what type or product?,1,353.3352496322182,True
The USS LST-510 is a ferry between New London and Orient but what is the population of Orient?,3,2073.7620809588047,True
"Which band has more members, Muse or The Raconteurs?",2,532.8648215297912,True
Titus is the soundtrack to the film that starred which actors?,3,1944.2420961496646,True
"The producer of The Wreckage of Stars also produced albums for Texas in July, Everclear, and what other American metalcore band from Lancaster, Pennsylvania?",3,2110.7736943323657,True
"What magazine an American monthly food and lifestyle magazine founded in 1987, Cooking Light or Hot Rod?",0,385.6084699177677,True
"Which tennis player has received a higher World singles ranking, Xavier Malisse or Virginia Wade?",0,300.39161430436553,True
"Atoms for Peace are an English-American experimental rock supergroup comprising Radiohead singer Thom Yorke, is an English musician and composer, best known as the singer and principal songwriter of which band?",0,392.80093137354754,True
What was the year founded of the football team that Aaron Galindo is currently a part of?,8,6942.755612211102,False
What is the nationality of the singer-songwriter who wrote the poetry collection Early Work ?,4,1604.9766900684483,True
Where does Lance Stephenson of the Indiana Pacers basketball team play his home games?,1,800.191128309689,True
Where did the father of Maria Brontë spend most of his adult life?,2,674.7590385343449,True
What is the name of the architect who designed the Lincoln Memorial dedicated in 1922?,1,405.7084694713204,True
Toronto's Insight Sports is partially owned by what Canadian businessman?,8,9417.773900657441,False
Who was born first George Marshall or Allan Dwan ?,0,275.21003221268927,True
"The 2005 documentary ""The Aristocrats"" was dedicated to a comedian that received how many Emmy Awards?",8,5717.547138428906,False
The Nike Mercurial Vapor is a football shoe worn by which Colombian striker?,8,5835.807999559289,False
Lendley C. Black is Chancellor of a university offering how many majors?,8,5839.584336143077,False
West Ridge and the ridge that has IndependenceAvenue/Liberation Avenue as its eastern boundary are separated by what road? ,3,1158.7410569327,True
What is the historical name of the acid that dissolves phenazine?,8,9378.264990403295,False
"Who completed more books in their lifetime, Anne Frank or John Kennedy Toole?",0,289.11238668925444,True
"Die Meistersinger von Nürnberg and Iphigénie en Aulide, are which type of music drama?",1,288.7535977288069,True
"What side of town is the Chicago Mayer-endorsed, 38th Ward of the City of Chicago alderman serving?",3,1938.1928801156869,True
What American professional basketball player born in 1986 was awarded the Dave Gavitt Trophy during the 2007 Big East Men's Basketball Championship? ,8,10734.236717651567,False
Where is the company that built Woodvale Historic District located?,8,8803.425407405011,False
"The Time: Night, is a novella by which Russian writer, novelist and playwright?",2,938.8814569227914,True
From what country are both Maurice Newman and Macquarie University? ,0,330.3088716125213,True
Were Up and The Watercolor released in the same year?,8,5523.615408108825,False
Which mentor in the 3rd Sa Re Ga Ma Pa Challenge died in Kokilaben hospital?,4,3123.413209101594,True
"What city is located in Gauteng, South Africa with a suburb called Kew?",0,378.88873427937784,True
"What electronic band's  song ""Dangerous"" was certified gold by the RIAA in May 2015?",2,541.0823271715922,True
Are David Gordon Green and Larry Hagman both actors?,4,1934.7230683430978,True
For which North American auto racing series launched by the Sports Car Club of America does Jack Baldwin drive a Porsche Cayman S?,2,746.1729666409827,True
Are Calochone and Adlumia both plants?,1,307.31451700117566,True
What year was the English actor and film producer born in who also starred in an adaptation with Renee Zellweger?,4,3286.1079343665047,True
"Who's the Hungarian-born US film director renowned for adapting Stephen King novellas to the screen, including The Mist and The Green Mile?",1,362.13211307145775,True
" Which species, Cardwellia or Ochagavia, is native to South America?",1,337.54136995014494,True
Are Grasshopper and Sake bomb both types of drinks?,3,1893.6620598813142,True
"Donington School F.C. was an English football club, based in which large village and civil parish in the South Holland district of Lincolnshire, England?",6,4221.860611998625,True
Who achieved fame starring alongside John Richard Schneider in a television series?,3,1379.481553724127,True
"Who was born first, Joe Manganiello or Kirk Kerkorian?",1,481.92242820036455,True
Lee Il-hyung's first feature film was released by which company ?,2,745.8360701621596,True
"Rick Seibold has worked with what artist known for her role in ""Big Time Rush""?",4,3581.600192985057,True
"Where is the band that wrote ""The Drug in Me Is You"" based in?",5,2703.723829793724,True
Who wrote and directed the film in which Adam Beach played Slipknot?,3,2094.018481691837,True
"Alamgir joined Meesha Shafi, Strings, Ali Azmat and Shahzad Hasan as a judge on which popular show?",2,577.8270038537428,True
What network is the reality TV Show that features American former professional baseball left fielder who played 22 seasons in Major League Baseball (MLB) with the Pittsburgh Pirates and San Francisco Giants?,3,1510.9535180478144,True
What is the name of the Los Angeles resident who directed a 2016 American superhero film about a surgeon who learns the mystic arts after a career-ending car accident?,2,742.7294804033093,True
Emprise Bank has branches in a city situated along what river?,8,7170.361734426475,False
Who represents the district that Gawthorpe is in?,8,5972.257996645558,False
"George Palmer Putnam, was an American publisher, author and explorer, known for his marriage to who, which American aviation pioneer and author, and was the first female aviator to fly solo across the Atlantic Ocean?",0,264.74229058847783,True
Emma Rose Kenney's roll in a Blue Sky Studios produced film earned how much money?,8,9811.168117319123,False
The President of Egypt that changed the Hamayouni Decree was born in what year?,1,312.0817765990849,True
Is Lysichiton and Ageratum geus in the same family?,0,316.67339827348684,True
A 2001 Indian epic sports-drama film starred an actor who was also know for his role in what 1999 movie?,8,9943.022614615315,False
"Huddersfield Giants R.L.F.C. are an English professional rugby league club from Huddersfield, West Yorkshire, the birthplace of rugby league, who play in the Super League competition, they play their home games at the Kirklees Stadium which is shared with Huddersfield Town F.C., is a multi-use sports stadium in Huddersfield in West Yorkshire, in which country?",1,415.01663118908203,True
"Javier Mora, is a Mexican boxer in the Heavyweight division, he was defeated by Alexander Vladimirovich ""Sasha"" Povetkin, by a 5-round TKO, in which country?",2,628.8998177290127,True
"Dixit Dominus is a psalm setting by who, which was a German, later British, baroque composer who spent the bulk of his career in London, becoming well known for his operas, oratorios, anthems, and organ concertos?",1,716.9305376489606,True
Who is the Russian figure skater who danced with a Russian pair skater and in 1988 and 1994.,2,579.9412429202357,True
It Takes a Family is a response to this 1996 book that was published by who,2,728.4823792493712,True
The 2016 Washington State Cougars were led by the coach who previously helmed which other team?,8,8451.46033675134,False
"The San Diego Gulls are a professional ice hockey team in the American Hockey League (AHL) which began playing in the 2015–16 season, the Gulls play their home games at which indoor arena located at Sports Arena Blvd in Point Loma, San Diego?",1,864.1970337525837,True
Which show connects Arthur Darvill and Matt Smith?,0,409.471681350312,True
"The Acolytes Protection Agency consisted of what wrestler born November 29, 1966",3,1937.1986547017,True
"Which K283BV artist is from Columbus, Ohio?",3,1436.8664208739215,True
"What host of The Voice UK was in ""Doctor Who""?",8,8349.315561024216,False
What era was the man associated with Fanny Talbot the leading art critic of?,4,2195.852382694001,True
Who wrote the song that caused the Columbia Kingsmen to change their name to Sha Na Na?,5,2748.094105205675,True
"Which guest who appeared in the album ""Animal Ambition"" was born with the name Albert Johnson? ",8,7363.472551804168,False
In what city was the rock band formed which was paid tribute by Listen Without Distraction? ,4,1888.0061461604846,True
What is found in Prochlorococcus and essential for photosynthesis?,1,377.804644709457,True
"In which theatre in Los Angeles did the late-night talk show host of ""Chelsea Lately"" host the 2010 MTV Video Music Awards?",3,2280.6291419307286,True
"Brian Keith ""Herbie"" Flowers, is an English musician specialising in electric bass, double bass and tuba, he has contributed to the recording Give My Regards to Broad Street is the fifth studio album by who, as well as the soundtrack album to his 1984 film of the same name?",2,523.1412133921496,True
The First Silesian war was fought against the King of Prussia who died in what year?,1,391.3358409830818,True
"The Chandrasekhar limit was named after an astrophysicist, what is the name of his uncle of which is also a novel laureate?",1,2081.8097305843526,True
What is the meaning of Trevor Prangley's other division the fought in aside from Light Weight?,8,12223.165851437863,False
"Who acted in ""Shanghai Knights"" and voiced Lightning McQueen in the ""Cars"" franchise?",4,2194.9613848257236,True
Which event was a surprise military strike by the Imperial Japanese Navy Air Service while Magruder Hill Tuttle was a senior officer in the United States Navy?,1,316.9558559913319,True
"Simone Kirby is an Irish actress, her credits include as Tracey Moynihan in which Irish dramatic television series broadcast, on RTÉ Television, the show aired between 2010 and 2014?",2,800.9741150158478,True
Who did the professional tennis player currently ranked World No. 1 in men's singles defeat in the 2017 Barcelona Open Banco Sabadell - Singles?,3,1532.485533812499,True
Which league does the 2010 head coach of the SMU Mustangs football team currently coach in?,2,566.0431911872904,True
Device – Voice – Drum is the fourth live album by a band that produced how many gold albums?,8,6339.600844880866,False
"The band that released the album ""Let's Cheers to This"" is from what Florida city?",8,6273.940760008142,False
Which breed of dog is now extinct: Chinese Crested Dog or the Chien-gris?,1,374.45481894824786,True
Which African-American composer co-wrote Air?,8,6876.54075783124,False
"Anil V. Kumar,  is a television and film director and producer in India, his production house, Flying Turtle Films co-produced the movie ""Zanjeer"" starring Priyanka Chopra and which actor, and entrepreneur, who works in Telugu cinema?",2,521.280710893565,True
"On what date did a Canadian politician born January 2, 1979, succeed as leader of the New Democratic Party in Canada? ",5,2683.7377051324247,True
Which was available first the No Card or the Octopus card?,2,586.8601431045581,True
What is the phrase that is commonly used on the day which is observed on 25 April each year?,8,6765.623718632043,False
"Which band's song was used as the theme at the Pepsi Arena on January 8, 2006?",8,11039.947475814693,False
The Colts' first ever draft pick was a halfback who won the Heisman Trophy in what year?,3,2668.0698051189997,True
The Grand Lodge of the Republic of Liberia is based on a branch of North American Freemasonry founded on what date?,3,1367.6935481571961,True
"The first female board member for the Liberal Party, she was born in which county in Norway?",3,1416.5759769296021,True
Mary Small served the county whose seat is what town?,3,2078.9127209444423,True
What 1998 film with Arthur Nascarella was directed by Tony Scott?,1,536.4800407086951,True
"In the draft of the 2017–18 Phoenix Suns season, The Phoneix Suns picked which player that played one season for the Kansas Jayhawks?",1,389.16283963133594,True
Which Byron Edmund Walker founded institution was originally controlled by the Church of England?,6,2365.3190074197178,True
The weapon BFG is found in which game developed by id Software ?,0,708.3557519459399,True
Which court case concerned the president of the Foundation of Moral Law and a stone monument of the Ten Commandments?,5,3994.841094711572,True
The 2016 Liberty Bowl was sponsored by a company based in what city?,1,771.990748826539,True
in the 2003-04 Wolfsburg signed a starlet from River Plate who plays in what position ?,1,319.52027049403074,True
"American actor, Peter Hansen, best known for his role on General Hospital, also starred in The War of the Roses with American film and stage actress and director who has won how many Golden Globe Awards?",1,303.1504031659006,True
Arthur Noss won a Military Cross as the gunner of a soldier born in which year ?,8,9466.86484571187,False
"Who produced the movie that ""Puss in Boots: The Three Diablos"" is the sequel of?",1,331.0333627775565,True
On which former estate was the venue of Aloha from Hawaii Via Satellite located?,5,4380.30374610459,True
Where is the record company based that was co founded by the frontman of Minor Threat and Fugazi?,1,434.7009015818194,True
"Kiawah Island, South Carolina was mentioned in ""Porgy and Bess,"" composed by the man best known for which other 1924 orchestral composition?",1,358.4592211468008,True
"Richard Yates published a work by the name of ""Eleven Kinds of Loneliness"", one of Italo Calvino's best known works was of the same genre and named what?",3,1248.8664091615667,True
"Extras, is a British sitcom about extras working in television, film, and theatre, the series was co-produced by the BBC and HBO and was created, written, and directed by Ricky Dene Gervais, an English comedian, actor, writer, producer, director, singer, and musician, born on which date?",1,594.7151673913247,True
Are Patrick White and Katherine Anne Porter both writers?,1,267.0630653618919,True
Who directed a 2016 musical filmed in Howth?,5,2801.7914423735456,True
Son of Paleface starred the comedian and vaudevilian of what nationality?,0,248.71748796825054,True
What television series did the actor that Penny Layden performed with in The Libertine star in and subsequently became a teen idol?,8,9492.226782954995,False
What network did the show on which Kim Roberts played Neeva air on?,3,1254.702956850903,True
Which rivalry were involved in the chant referring to the United Kingdom's Victories of the First and Second World War?,8,14885.246878326869,False
Marpessa Hennink modeled fashions created by which two Dolce & Gabbana founders and designers?,2,549.0839485538772,True
Formally the Games of the XXX Olympiad what sports event did Dirkie Chamberlain represent her country?,4,2438.8108504056604,True
"""Touch"" is a song from an album released under which labels ?",8,8728.679865890454,False
When was the stadium Wollongong Wolves Football Club plays at opened?,2,568.2283862092897,True
"Irma Pamela Hall, an American actress who has appeared in numerous films and television shows since the 1970s, and is best known for playing matriarchal figures including in which 2004 American black comedy thriller film directed by Joel and Ethan Coen?",3,1613.1717965481967,True
"From an Andrey Zvyagintsev drama, which American city did the actual events upon which the drama is based take place?",8,8513.632551495364,False
Alan Furst and Lee Child are what?,8,8181.179085406855,False
"Tenth Avenue Freeze-Out  is the second song on which of Bruce Springsteen's breakthrough album, that is the third studio album by American singer-songwriter Bruce Springstee?",1,595.3942669844807,True
What New York county is Hartland Swamp Wildlife Management Area located in?,2,573.0571837410669,True
In what city did Duane Swank get his PhD?,3,1268.9058823456703,True
Which publication is published more often: Modern Drummer or Bookmarks?,0,251.85231158170137,True
"Which actress plays both Iris Carr in The Lady Vanishes, and Riley Blue in Sense8?",3,3658.276052911866,True
Mindless Self Indulgence and Tappi Tíkarrass are both what?,1,335.3797546778958,True
"Tothill Fields was an 18th-century area of Westminster in the county of Middlesex, a historic county in south-east region of which country?",0,439.8424782480018,True
What quarterback for the Atlanta Falcons did Baker Mayfield win the starting job at Oklahoma over?,2,582.4153777973823,True
"Terenzo is a city in the Province of Parma, which region of Italy is Terenzo located in?",8,7064.245783390082,False
When was the  Prime Minister of India after which V. K. Krishna Menon was regarded as the second most powerful man in India born?  ,5,2876.4392902977706,True
The Colombian airline that has been the national airline and flag carrier of Colombia since 1919 is wholly owned by a company headquartered in what country?,2,533.3268515241972,True
What is the approximate population of the country that Koularo lies in?,8,5274.159941233505,False
"What actor in Holding the Fort is also known for being a television presenter for shows ""Game for a Laugh"", ""You Bet!"" and ""Stars in Their Eyes""?",2,561.9022100171505,True
"What other band was featured on the cover page of the Alternative Press magazine for the ""100 Bands You Need to Know in 2010"" alongside The Cab discography and Never Shout Never? ",3,2311.8736809081793,True
In what year did the English actor from the film The System die?,8,5926.9363600233755,False
One of the football forwards who plays for SC Pinkafeld is from which European country that borders Austria?,1,612.7840022985608,True
"What is the birthdate of this Count of Luxembourg and King of Bohemia, who was father of Psalter of Bonne de Luxembourg?",5,2882.8780886125096,True
Are both Simon Wincer and Patrice Leconte film directors?,1,277.65552110107643,True
Who wrote the song that was sung to the famous tune of the composer known as the Father of the Symphony?,8,14189.033311944422,False
what the real name of the welsh electronic music producer DJ who have been visited the night club called Flex in vienna hundreds of times?,8,7203.299191992202,False
Nakayama Miho no Tokimeki High School included music by the composer best known for the games by what company?,1,764.7616546146932,True
What was the 2011 population of the unitary authority area that includes the village Eastoft?,8,6506.024535614703,False
Robinsons and Pocari Sweat are both what kind of product?,3,1524.6577468735618,True
 Rani Silautia is an Indian politician from a party having links with which Hindu nationalist organization ?,8,6776.057138241027,False
"What is a resort and National Historic Landmark in Palm Beach, Florida, built from 1924 to 1927 by cereal-company heiress and socialite Marjorie Merriweather Post, that has Magazines available for free to members of the resort?",1,475.35633463733456,True
Did both Carl Boese and Franco Zeffirelli direct and produce film?,3,1938.4816607292912,True
"Route 146, Interstate 890, and what other highway all run through Schenectady, New York?",8,11386.707280470322,False
"Who won the election that ran concurrently with the North Dakota gubernatorial election, 2016?",4,1965.5506006745632,True
Who released the album with a single which originally reached number 60 on the UK Singles Chart in 1997?,8,10568.584183545085,False
What was the official name for the draft that Thomas E. O'Donnell was a public opponent of?,8,8343.130914427624,False
"The creation of Fontana Lake submerged Proctor, North Carolina and what other town?",2,793.0301740196603,True
"Which air force base is the headquarters for the Eastern Air Defense Sector and located 12 mi east of Panama City, Florida?",0,299.17252187568795,True
"What vehicle, introduced for model year 2006, does Patrick Carpentier currently drive in the NASCAR Sprint Cup Series?",4,2399.436136381684,True
When was the company that publishes the journal Magnetic Resonance Imaging established ?,5,2732.345130351618,True
"Ian Hunter and Stuart Murdoch, have which musical occupation in common?",3,1331.3237218279019,True
"Signet Jewelers owns what Delaware based retailer, along with Kay and Jared?",5,2530.0359119412133,True
Since when has the automobile driven by Garrett Smithley for MBM Motorsports been sold?,8,8855.246811631849,False
Who was the husband of the first olympic gymnast to be awarded a perfect score of 10.0?,3,2389.0725111085003,True
What other real life boxer did Mike Williams act with in Rocky V?,2,550.8026643766937,True
"Spaceballs is a 1987 American comic science fiction film co-written, produced and directed by Mel Brooks, the film also features which American actor, businessman, and animal welfare advocate, best known for his role as patriarch Tom Bradford on the ABC television comedy-drama ""Eight Is Enough""?",8,7764.832332314603,False
"What Dutch DJ did Richard Bedford collaborate with on the album ""Intense""?",2,714.9443407109103,True
 Is Advanced Micro Devices or Level 3 Communications headquartered further west?,0,440.77722984167417,True
Wayne's World featured the actor who was a member of what Chicago comedy troupe?,1,1570.7973770514595,True
Tulapur is a village in which second largest city in Maharashtra?,1,1033.1930645730158,True
Peter Bakovic played for which National Hockey League team?,2,843.6927312470166,True
"Who is older, Vincent Walker or David Usher?",2,767.5305834070762,True
"Yukio Mishima and Roberto Bolaño, are Chilean?",0,399.62108233755674,True
What telenovela inspired the TV show that the band Eme 15 was formed on in 2012?,5,2561.7158458781387,True
"Who released their second album with a band from Louisville, Kentucky?",8,11730.686829607075,False
Who is married to Jim Tomlinson and released an album entitled Raconte-moi?,2,702.0207392653369,True
What sport did Jack Sock and Raffaella Reggi play?,1,604.315001048236,True
"Heartbreak Express, Dolly Parton's 24th solo studio album, featured this re-recording of what song, originally recorded in 1973 and featured in the ""Best Little Whorehouse in Texas Soundtrack""?",2,681.8857695780616,True
"In which theatre of New York City did a play, described as Marxism but using the figure from a Christmas pantomime in the United Kingdom, perform?",6,3516.3176622727037,True
"The university who was led to six national championships by Paul ""Bear"" Bryant, had its first ever Heisman Trophy winner drafted by what NFL team?",3,2232.8371729832556,True
"Which actor starring in ""Lisa Picard Is Famous"" was born in Douglas County?",3,2055.4627730863285,True
"What is based in Sankt Ulrich bei Steyr, Austria? ",2,1184.739781832737,True
"What is the name for the regulatory body of over 25,000 football clubs in Germany?",2,977.9211143854077,True
"Which was halted by a natural disaster, Camlaren Mine or Barton Mine?",8,6250.899677234761,True
Where is the company based that sold Vodafone it's New Zealand operations?,8,7650.643928052029,False
" ""The Twentieth Century is Almost Over"" was re-recorded five years later by Cash and Waylon Jennings,  Kris Kristofferson, and  Willie Nelson, one of the most recognized artists in what type of music?",1,733.4640936653677,True
"Charles Hutchison and Reginald Barker, have which mutual occupation?",4,1728.443361299372,True
Was Beyond the Gates of Splendor or Jesus Camp released first?,0,420.1325964093425,True
"Tura Beach, New South Wales is a suburb of a town that had what population at the 2016 census?",5,3374.4193285136666,True
How many stores are in the major shopping centre that is served by the Garden City bus station?,3,1655.5977300563695,True
Padgate is a suburb of an english town on the banks of the River Mersey whose population was estimated to be 208800 in 2016 but in which unitary authority area is it located?,8,7185.173317249299,False
"What band originally from Tucson, Arizona and currently from Albany, New York released their first album in 2000?",8,8782.740696826928,False
Are Randal Kleiser and Kyle Schickner of the same nationality? ,3,1566.9694971451377,True
Barbara Jordan and Mark Knowles are both what?,8,7680.547535179792,False
Was the president who appointed Thomas C. Mann a democrat or a republican?,3,3166.3054857495217,True
Walter O'Brien was played by which English actor?,5,2906.0704742722287,True
"What  teen sex comedy film written by Adam Herz and directed by brothers Paul and Chris Weitz, starred an actor best known for her role as Jessica ?",1,317.93928318816097,True
"The Sia song ""Never Give Up"" is from the soundtrack of a film that is based on what non-fiction book?",7,5715.982672316978,True
What two skills do Lee Hong-gi and Dee Snider have in common?,8,8443.739208730336,False
What area is the species of Spruce which can be found in Rensselaer Plateau native to?,3,1680.067314766452,True
United 300 and 300 were both made in what country?,7,6291.988661690369,True
"1979, is a song by American alternative rock band, the Smashing Pumpkins, the second single from their third studio album, was released on October 23, 1995 in the UK, is titled?",3,1780.332232712553,True
"Lookwell was a television pilot written and produced by Conan O'rien and Robert Smigel, and was a personal favorite of what American television executive who was president of NBC from 1980-1991?",2,686.2040563864889,True
Where is the globe that succeeded the Globe of Peace as the world's largest rotating globe located?,3,1847.0503275140593,True
"Bath School of Art and Design is an art college in Bath, England, it forms part of the Bath Spa University, a public university in Bath, England, with its main campus based at Newton Park on which location?",3,2605.7146016861134,True
"Are both Nasdaq, Inc. and Citrix Systems catering to the same customer bases?",1,2594.0870252514155,True
Are George Avakian and Bobby Managoff both record producers?,8,7642.902977951844,False
"Benji is an upcoming American drama film written, co-produced and directed by who, and is a reboot of the 1974 film of the same name?",2,918.1470110014498,True
"The man that had a single titled ""That's My Pa"" played what character in the film ""High Noon""?",8,7929.7544402952635,False
Barclay Henley was born in a city whose population at the 2010 census was what?,8,8763.778733281079,False
Tess Asplund fought against the Neo-Nazi movement that existed in which countries?,8,11077.647414264675,False
"The Pantanal is a mid-size pickup truck made by the Brazilian off-road vehicle manufacturer Troller Veículos Especiais S/A, a manufacturer of off-road vehicles in which country, from 2006 to 2008?",0,245.4259369081617,True
Where is the there a small medevial castle,8,10410.829957652462,False
What is the name of this policy of favoring members of a disadvantaged group who suffer or have suffered from discrimination within a culture of which Black Economic Empowerment is a form? ,0,288.2216185871391,True
The 32nd TCA Awards were hosted by a  Mexican actor best known for his roles as Fernando Mendiola in what?,5,2917.1722883345674,True
"Are the documentaries Welcome to Durham, USA and The Agronomist both about Durham, North Carolina?",1,324.2150965664505,True
"Which member of the band Bad Seeds was older, Anita Lane or Nick Cave?",0,366.7999051340375,True
"Which close friend of George Washington, Alexander Hamilton, and Thomas Jefferson, did a scion of the Huger family of South Carolina attempt to rescue?",8,11722.210934009487,False
John Severin was an American comics artist who had a 45 year stint with the magazine Cracked that was founded in what year?,1,367.8008201967197,True
Rags Ragland died how many years after starring in Meet the People?,8,7199.7607529007,False
Do filmmakers Chris Carter and Theo van Gogh share the same nationality?,1,1331.73482112359,True
What genre is The Warriors Gate?,8,13148.03080851779,False
Brutti di notte is a parody of the film starring which actress?,3,2961.975732372729,True
What poem by this writer born in September 1872 was used in devotional and spoken word recordings?,8,11409.947500444676,False
Rhodochiton and Platystemon are both genuses of what kind of life form?,3,2182.392335802021,True
How much is the company that Jessica Alba is associated with worth as of 2015?,3,1754.3525745831369,True
James Mulgrew is the star of which comedy sketch show?,8,9310.689095039483,False
 Elkhan Mammadov is the project leader for the bid for which quadrennial competition?,2,798.0620942743975,True
"Q: What venue, also called the ""Convent Garden,"" did Adrian Boult conduct for?",4,2122.45128170118,True
Jess Weixler starred in what comedy-horror film directed by Mitchell Lichtenstein?,2,854.4949359849024,True
"Who directed he Paris Opera Ballet from 1983 to 1989 and its chief choreographer until October 1992, and he gave the tittle of étoile to a member of the Paris Opera Ballet from 1978?",2,669.7147653623908,True
Which airline founded by Frank Lorenzo was affected by a strike in 1989?,8,6377.945658502637,False
What 2001 novel by Britney Spears is dedicated to an American author and mother of film and television producer Bryan Spears and country singer Jamie Lynn Spears?,2,737.5800322578641,True
What county named for a hero in the French and Indian War and a general in the American Revolutionary War is represented by Assemblyman Kevin Byrne?,8,9301.079686313526,False
"Rob Jenkins is an Australian actor, which of his movies, was a 2014 science fiction thriller film?",3,1921.1160858902165,True
"What Carnegie library building located in the most populous city in Kansas was built in 1915, and listed on the National Register of Historic Places in 1987?",2,872.7074645156554,True
The Centralia Massacre was committed by which pro-Confederate guerrilla leader?,2,613.1518200965374,True
"What football club has won 3 UFEA Super Cups, and has also employed Scottish footballer Hugh ""Hughie"" Clifford?",8,6779.292226648962,False
Garth Jennings and Lee Cheol-ha shared what occupation?,3,1623.2178887009013,True
When was the record producer that produced Love Has Come for You born? ,8,8001.418029531963,False
"How many weeks did the lead single from Culture Beat's second studio album spend at number one on the ""RPM"" Dance chart in Canada?",8,9941.80331262955,False
"Walloon Legion, a collaborationist volunteer unit, that served on the Eastern Front, in which war?",0,269.7080149203365,True
"Before finishing her feature film, Something's Got to Give, when did American actress, model and one of the most popular sex symbols of the 1950s, Marilyn Monroe die?",2,772.9428737094643,True
"Which was released second, Charley and the Angel or Planes?",1,332.60421109699513,True
Which of the following documents the issues of the LGBT community: Pride Divide or The Big Melt?,0,282.8814258630586,True
Silent Möbius is heavily influenced by the movie directed by whom?,1,332.19427707132076,True
What number album of Taylor Swift did Colbie Marie Caillat win a Grammy for?,8,10810.208856333516,False
"Who was born first, Martin Heidegger or Lydia Davis?",0,261.02827062561613,True
Mike Gibbons won the middleweight championship after the previous champion was found murdered where?,8,10748.207008866313,False
Are Thums Up and Mott's based in the same country?,1,277.78343241922033,True
What roles does American actress which  Manfish featured in  the motion picture debut of do play,8,8526.215895145677,False
"Which genus has more species, Fir or Chelone?",8,8215.342826831984,False
John Kassir and Tom Kenny both voice this one character?,2,819.4989554575728,True
What year did the the German composer whose compositions are in The Individualism of Gil Evans die?,4,2071.7928242406138,True
At which laboratory was Carsten Olsen employed as an assistant to the Danish chemist who introduced the concept of pH?,2,755.9752224204412,True
What nationality is the male lead of the film Fishtales?,3,1456.4704604666488,True
What German automotive marque does the high-performance aftermarket tuning company Brabus specialize in?,8,6098.477989925827,False
Which 20th Century Fox film cast Zazie Beetz as Domino?,2,559.9630377897153,True
Which American animated television series created by Trey Parker and Matt Stone features a character called Butters who thinks up schemes to take over the world in its 86th episode?,1,534.6956409992275,True
"Which stadium hosts the rivalry game between the all-male, historically African American College located in Atlanta and Tuskegee?",5,4495.171243706248,True
Do both Juniper and Indigofera belong to the cypress family Cupressaceae?,0,277.52659397316773,True
Who is the current world record holder in high jump and uncle of Lorenzo Sotomayor Collazo? ,1,768.6756390891259,True
"What film director is from Great Britain, Miloš Forman or Alex Cox?",0,260.60385639641396,True
